Mesh Points,Call Price,Put Price,Call Delta,Put Delta
110,18.5035,3.03106,0.541142,-0.171311,
110.5,18.7754,2.94679,0.54661,-0.165795,
111,19.0501,2.86523,0.552109,-0.16048,
111.5,19.3276,2.78628,0.557637,-0.155358,
112,19.6078,2.70985,0.563196,-0.150422,
112.5,19.8908,2.63583,0.568786,-0.145663,
113,20.1765,2.56416,0.574405,-0.141075,
113.5,20.4652,2.49473,0.580055,-0.136651,
114,20.7566,2.42748,0.585735,-0.132384,
114.5,21.0509,2.36232,0.591446,-0.128268,
115,21.3481,2.29919,0.597187,-0.124297,
115.5,21.6481,2.238,0.602959,-0.120465,
116,21.951,2.1787,0.608761,-0.116768,
116.5,22.2569,2.12122,0.614593,-0.113199,
117,22.5656,2.06548,0.620457,-0.109754,
117.5,22.8773,2.01144,0.62635,-0.106427,
118,23.192,1.95904,0.632274,-0.103215,
118.5,23.5096,1.90821,0.638229,-0.100113,
119,23.8302,1.85891,0.644215,-0.0971167,
119.5,24.1538,1.81108,0.650231,-0.094222,
120,24.4804,1.76467,0.656278,-0.0914251,
